Symbol,Name,Market Cap,P/E Ratio,PEG Ratio,Dividend Yield,Dividend/Share,Earnings/Share,EBITDA,%Change 200 day
MMM,3M Company Common,62.800B,14.51,1.4,2.6,2.36,6.256,7.677B,0.79%
ACE,Ace Limited Commo,27.290B,10.09,1.55,2.39,1.92,7.96,3.480B,7.13%
ABT,Abbott Laboratori,102.0B,15.79,1.4,3.11,2.01,4.088,11.452B,-1.39%
ANF,Abercrombie & Fit,3.598B,35.01,0.9,1.55,0.7,1.292,511.3M,29.50%
ACN,Accenture plc. Cl,52.234B,18.12,1.41,2.13,1.485,3.842,4.191B,10.68%
ADBE,Adobe Systems Inc,17.525B,22.56,1.28,N/A,0,1.569,1.505B,9.41%
ADT,ADT Corporation C,10.245B,26.39,2.25,N/A,0,1.67,1.331B,7.97%
AMD,Advanced Micro De,1.630B,N/A,N/A,N/A,0,-1.203,-179.0M,-41.72%
AES,The AES Corporati,8.079B,N/A,1.16,0.37,0.04,-1.705,5.016B,-5.52%
AET,Aetna Inc. Common,14.567B,8.33,0.93,1.61,0.7,5.23,3.607B,8.03%
AFL,AFLAC Incorporate,25.124B,8.82,0.74,2.5,1.34,6.072,4.417B,16.58%
A,Agilent Technolog,13.376B,11.82,1.35,0.78,0.3,3.27,1.420B,1.23%
GAS,"AGL Resources, In",4.676B,21.26,N/A,4.63,1.84,1.867,966.0M,0.55%
APD,Air Products and ,17.452B,15.06,2.25,3.05,2.5,5.443,2.366B,0.95%
ARG,"Airgas, Inc. Comm",6.884B,20.78,1.51,1.63,1.44,4.241,871.3M,4.81%
AKAM,Akamai Technologi,6.300B,32.78,1.48,N/A,0,1.083,528.1M,1.99%
AA,Alcoa Inc. Common,9.146B,N/A,2.84,1.4,0.12,-0.227,1.961B,-1.03%
ALXN,Alexion Pharmaceu,18.284B,83.28,1.22,N/A,0,1.13,384.6M,-6.94%
ATI,Allegheny Technol,2.865B,16.52,1.13,2.7,0.72,1.616,546.8M,-12.49%
AGN,"Allergan, Inc. Co",27.757B,27,1.73,0.22,0.2,3.421,1.757B,2.90%
ALL,Allstate Corporat,19.897B,7.89,1.22,2.13,0.88,5.232,4.559B,10.42%
ALTR,Altera Corporatio,9.941B,17.33,1.54,1.16,0.36,1.789,648.3M,-8.05%
MO,"Altria Group, Inc",67.399B,17.35,2.3,5.02,1.67,1.919,7.612B,-1.22%
AMZN,"Amazon.com, Inc.",115.0B,3023.33,N/A,N/A,0,0.084,2.089B,8.08%
AEE,Ameren Corporatio,7.269B,35.12,N/A,4.01,1.2,0.853,2.220B,-8.11%
AEP,American Electric,20.963B,13.55,4.13,4.35,1.88,3.188,4.691B,2.67%
AXP,American Express ,63.115B,13.06,1.15,1.38,0.78,4.317,0,-0.75%
AIG,American Internat,49.870B,2.33,0.43,N/A,0,14.526,24.787B,3.65%
AMT,American Tower Co,29.497B,42.13,2.07,1.35,1.01,1.771,1.760B,5.12%
AMP,Ameriprise Financ,12.579B,16.68,1.03,2.34,1.43,3.665,2.585B,12.47%
ABC,AmerisourceBergen,9.951B,15.08,1.14,1.42,0.6,2.802,1.426B,8.65%
AMGN,Amgen Inc.,68.302B,15.98,1.27,1.62,1.44,5.569,6.651B,10.31%
APH,Amphenol Corporat,9.776B,18.96,1.38,0.54,0.33,3.215,903.0M,4.14%
APC,Anadarko Petroleu,37.352B,20.59,4.1,0.48,0.36,3.63,7.383B,8.93%
ADI,"Analog Devices, I",12.227B,19.05,6.46,2.96,1.2,2.13,942.6M,4.57%
AON,Aon plc Class A O,18.052B,19.68,1.64,1.1,0.624,2.879,2.269B,10.94%
APA,Apache Corporatio,30.414B,12.38,1.45,0.85,0.66,6.278,12.454B,-7.89%
AIV,Apartment Investm,3.652B,N/A,1.57,3.03,0.76,-0.073,592.6M,-5.10%
APOL,"Apollo Group, Inc",2.295B,5.87,0.69,N/A,0,3.476,904.7M,-26.58%
AAPL,Apple Inc.,506.8B,12.2,0.58,0.98,5.3,44.15,58.518B,-11.96%
AMAT,Applied Materials,13.176B,125.58,2.19,2.41,0.26,0.086,1.422B,-2.13%
ADM,Archer-Daniels-Mi,17.597B,18.71,N/A,2.62,0.7,1.428,2.689B,-3.89%
AIZ,"Assurant, Inc. Co",2.740B,4.93,0.52,2.33,0.81,7.056,1.168B,-2.55%
T,AT&T Inc.,192.6B,44.85,2.24,5.19,1.76,0.756,35.200B,-5.20%
ADSK,"Autodesk, Inc.",7.543B,32,1.01,N/A,0,1.05,471.6M,3.02%
ADP,Automatic Data Pr,27.788B,20.21,2.13,2.07,1.185,2.832,2.364B,1.28%
AN,"AutoNation, Inc. ",4.794B,16.91,0.75,N/A,0,2.328,707.8M,-2.74%
AZO,"AutoZone, Inc. Co",13.305B,15.34,0.85,N/A,0,23.48,1.841B,-3.30%
AVB,AvalonBay Communi,12.968B,20.37,2.3,2.87,3.803,6.517,644.8M,-4.50%
AVY,Avery Dennison Co,3.311B,18.42,1.59,3.25,1.08,1.805,593.1M,9.27%
AVP,"Avon Products, In",5.972B,51.57,N/A,5.43,0.75,0.268,937.9M,-11.90%
BHI,Baker Hughes Inco,18.465B,13.1,0.83,1.43,0.6,3.206,4.071B,-3.66%
BLL,Ball Corporation ,6.709B,16.63,1.35,0.92,0.4,2.622,1.142B,3.68%
BAC,Bank of America C,112.7B,28.27,2.97,0.38,0.04,0.37,0,24.52%
BK,Bank of New York ,27.743B,12.34,0.97,2.19,0.52,1.924,0,5.66%
BCR,"C.R. Bard, Inc. C",8.021B,16.42,1.9,0.8,0.78,5.934,947.7M,-3.05%
BAX,Baxter Internatio,35.418B,15.71,1.69,2.44,1.57,4.104,3.844B,10.32%
BBT,BB&T Corporation ,19.492B,10.93,1.05,2.73,0.76,2.55,0,-9.33%
BEAM,Beam Inc. Common ,9.187B,26.89,1.96,1.42,0.82,2.147,797.6M,-1.90%
BDX,"Becton, Dickinson",15.243B,13.85,2.01,2.33,1.8,5.589,2.072B,2.06%
BBBY,Bed Bath & Beyond,12.962B,13.38,1.04,N/A,0,4.304,1.773B,-9.49%
BMS,"Bemis Company, In",3.390B,22.09,2.2,3.05,1,1.486,616.8M,4.28%
BRK-B,Berkshire Hathawa,145.1M,0.01,N/A,N/A,0,8066.665,27.957B,2.79%
BBY,"Best Buy Co., Inc",4.073B,N/A,N/A,5.38,0.65,-3.361,3.295B,-31.93%
BIG,"Big Lots, Inc. Co",1.790B,10.63,0.94,N/A,0,2.827,400.4M,-12.05%
BIIB,Biogen Idec Inc.,35.620B,26.16,1.33,N/A,0,5.756,2.197B,4.33%
BLK,"BlackRock, Inc. C",33.107B,14.91,1.17,3.12,6,12.905,3.655B,7.56%
HRB,"H&R Block, Inc. C",4.763B,15.36,0.92,4.55,0.8,1.144,722.4M,5.71%
BMC,"BMC Software, Inc",6.229B,19.31,0.96,N/A,0,2.082,615.2M,-3.20%
BA,Boeing Company (T,55.704B,13.01,1.24,2.38,1.76,5.678,7.727B,2.55%
BWA,BorgWarner Inc. C,7.778B,16.04,1.07,N/A,0,4.143,1.146B,-1.84%
BXP,Boston Properties,15.472B,45.1,2.88,2.15,2.2,2.274,1.211B,-5.04%
BSX,Boston Scientific,7.648B,N/A,1.91,N/A,0,-2.814,1.657B,0.70%
BMY,Bristol-Myers Squ,54.126B,29.46,6.61,4.15,1.36,1.113,6.199B,-2.23%
BRCM,Broadcom Corporat,18.240B,25.32,0.92,1.24,0.4,1.277,1.155B,-3.09%
BF-B,Brown Forman Inc ,14.596B,27.11,N/A,1.4,0.9547,2.524,875.9M,7.73%
CHRW,C.H. Robinson Wor,9.979B,22.51,1.85,2.13,1.32,2.75,742.6M,6.05%
CA,CA Inc.,10.091B,11.15,1,4.55,1,1.971,1.700B,-12.34%
CVC,Cablevision Syste,3.632B,20.85,2.77,4.35,0.6,0.662,2.130B,-5.75%
COG,Cabot Oil & Gas C,9.997B,86.62,4.75,0.17,0.08,0.55,633.0M,13.45%
CAM,Cameron Internati,13.510B,21.48,0.82,N/A,0,2.549,1.259B,8.16%
CPB,Campbell Soup Com,11.518B,15.5,2.79,3.16,1.16,2.366,1.511B,7.45%
COF,Capital One Finan,32.992B,10.01,0.96,0.35,0.2,5.7,0,1.68%
CAH,"Cardinal Health, ",13.724B,12.77,1.45,2.24,0.906,3.164,2.230B,-0.64%
CFN,CareFusion Corpor,6.143B,20.66,1.28,N/A,0,1.34,823.0M,5.19%
KMX,CarMax Inc,8.098B,20.05,1.64,N/A,0,1.765,783.1M,17.73%
CCL,Carnival Corporat,28.912B,20.4,1.81,2.69,1,1.824,3.513B,5.24%
CAT,"Caterpillar, Inc.",56.271B,8.82,0.66,2.28,1.96,9.761,12.103B,0.27%
CBG,CBRE Group Inc Co,6.044B,27.33,0.86,N/A,0,0.686,759.5M,7.74%
CBS,CBS Corporation C,22.537B,15.15,0.97,0.9,0.32,2.342,3.420B,4.30%
CELG,Celgene Corporati,33.585B,22.01,0.72,N/A,0,3.608,2.174B,11.01%
CNP,CenterPoint Energ,8.515B,21.26,2.92,4.08,0.812,0.937,2.265B,-3.48%
CTL,"CenturyLink, Inc.",24.271B,37.03,1.76,5.59,2.175,1.05,7.502B,-2.70%
CERN,Cerner Corporatio,13.475B,36.53,1.7,N/A,0,2.15,687.4M,3.02%
CF,CF Industries Hol,13.312B,7.6,4.34,0.76,1.6,27.848,3.562B,5.77%
SCHW,Charles Schwab Co,16.487B,19.24,2.43,1.86,0.24,0.672,0,-0.36%
CHK,Chesapeake Energy,10.938B,N/A,3.98,2.07,0.351,-1.196,4.148B,-8.61%
CVX,Chevron Corporati,205.8B,8.63,N/A,3.34,3.51,12.189,48.514B,-3.03%
CMG,Chipotle Mexican ,8.345B,30.81,1.41,N/A,0,8.601,534.3M,-18.07%
CB,Chubb Corporation,20.479B,11.34,1.65,2.07,1.62,6.893,2.836B,5.57%
CI,Cigna Corporation,14.843B,9.57,0.88,0.08,0.04,5.425,3.009B,11.87%
CINF,Cincinnati Financ,6.589B,18.15,4.74,3.99,1.617,2.231,573.0M,5.86%
CTAS,Cintas Corporatio,5.242B,17.86,1.53,1.52,0.64,2.35,708.2M,5.15%
CSCO,"Cisco Systems, In",102.0B,12.39,1.16,2.6,0.5,1.55,13.233B,8.61%
C,"Citigroup, Inc. C",106.9B,15.4,0.72,0.11,0.04,2.367,0,17.58%
CTXS,"Citrix Systems, I",11.184B,32.71,1.3,N/A,0,1.831,583.9M,-18.00%
CLF,Cliffs Natural Re,4.208B,4.67,11.93,7.3,2.155,6.329,1.546B,-29.28%
CLX,Clorox Company (T,9.866B,18.38,2.16,3.28,2.48,4.115,1.096B,4.37%
CME,CME Group Inc.,18.243B,12.31,1.72,4.06,2.222,4.446,1.966B,0.20%
CMS,CMS Energy Corpor,6.500B,18.64,2.52,3.9,0.96,1.321,1.534B,4.32%
COH,"Coach, Inc. Commo",16.270B,16.05,1.1,1.96,1.125,3.573,1.659B,-1.30%
KO,Coca-Cola Company,167.3B,19.5,2.28,2.73,1.02,1.913,13.012B,-1.96%
CCE,Coca-Cola Enterpr,9.102B,14.08,1.63,2.02,0.64,2.252,1.307B,7.71%
CTSH,Cognizant Technol,20.938B,21.14,1.08,N/A,0,3.3,1.463B,9.48%
CL,Colgate-Palmolive,50.655B,21.03,2.42,2.28,2.44,5.099,4.357B,2.42%
CMCSA,Comcast Corporati,98.000B,16.83,1.28,1.63,0.602,2.191,19.807B,9.08%
CMA,Comerica Incorpor,5.503B,11.65,0.9,1.73,0.5,2.482,0,-4.57%
CSC,Computer Sciences,5.997B,N/A,1.92,2.07,0.8,-8.89,1.572B,29.40%
CAG,"ConAgra Foods, In",12.100B,19.71,2.14,3.27,0.97,1.506,1.428B,13.24%
COP,ConocoPhillips Co,69.410B,7.02,10.84,34.39,19.665,8.142,29.658B,2.46%
CNX,CONSOL Energy Inc,7.507B,17.45,2.79,1.52,0.5,1.89,1.129B,5.81%
ED,Consolidated Edis,16.424B,14.72,4.84,4.32,2.42,3.81,3.278B,-7.24%
STZ,Constellation Bra,6.501B,16.08,1.64,N/A,0,2.216,645.6M,18.95%
GLW,Corning Incorpora,18.296B,9.84,0.79,2.54,0.315,1.258,2.386B,0.21%
COST,Costco Wholesale ,45.815B,27.22,1.85,1.01,1.065,3.892,3.667B,10.71%
CVH,Coventry Health C,5.878B,13.4,1.89,0.86,0.375,3.262,892.6M,15.72%
COV,Covidien plc. Ord,27.277B,14.68,1.56,1.62,0.935,3.926,3.273B,3.70%
CCI,Crown Castle Inte,19.412B,76.81,4.11,N/A,0,0.869,1.419B,7.47%
CSX,CSX Corporation C,20.793B,11.24,0.82,2.68,0.54,1.794,4.518B,-6.67%
CMI,Cummins Inc. Comm,19.097B,10.56,0.89,1.78,1.8,9.591,2.386B,6.10%
CVS,CVS Caremark Corp,57.572B,15.69,1.03,1.41,0.652,2.944,8.575B,0.12%
DHI,"D.R. Horton, Inc.",5.967B,6.72,4.3,0.81,0.151,2.766,279.3M,-2.00%
DHR,Danaher Corporati,36.955B,16.28,1.27,0.19,0.1,3.277,4.129B,0.78%
DRI,Darden Restaurant,6.070B,12.94,1.19,3.94,1.86,3.647,1.100B,-9.93%
DVA,DaVita HealthCare,10.143B,19.29,1.3,N/A,0,5.511,1.636B,6.48%
DF,Dean Foods Compan,3.167B,26.55,0.81,N/A,0,0.644,855.4M,8.04%
DE,Deere & Company C,32.668B,11.04,1,2.12,1.79,7.63,5.739B,5.98%
DELL,Dell Inc.,17.992B,7.06,1.04,0.77,0.08,1.469,4.388B,-6.09%
DNR,Denbury Resources,6.034B,13.16,2.42,N/A,0,1.183,1.438B,0.90%
XRAY,DENTSPLY Internat,5.575B,24.86,1.54,0.56,0.22,1.58,528.2M,4.61%
DVN,Devon Energy Corp,21.311B,32.58,4.84,1.46,0.77,1.615,5.151B,-9.49%
DO,Diamond Offshore ,9.579B,12.74,1.08,5.08,3.5,5.41,1.301B,5.91%
DTV,DIRECTV,29.947B,12.18,0.68,N/A,0,4.071,7.140B,-0.10%
DFS,Discover Financia,20.630B,9.43,0.87,0.98,0.4,4.336,0,9.81%
DISCA,Discovery Communi,22.967B,22.57,1.19,N/A,0,2.736,1.965B,12.30%
DG,Dollar General Co,15.550B,17.85,0.94,N/A,0,2.611,1.877B,-7.62%
DLTR,"Dollar Tree, Inc.",9.213B,16.29,0.97,N/A,0,2.489,1.032B,-15.01%
D,Dominion Resource,29.725B,25.45,3.04,4.08,2.111,2.033,3.999B,-2.00%
RRD,R.R. Donnelley & ,1.677B,N/A,4.2,11.18,1.04,-0.713,1.257B,-16.35%
DOV,Dover Corporation,11.367B,12.73,1.48,2.09,1.33,4.988,1.654B,10.94%
DOW,Dow Chemical Comp,35.365B,22.77,2.72,3.87,1.14,1.295,6.635B,-2.19%
DPS,Dr Pepper Snapple,9.459B,15.55,2.07,2.95,1.34,2.923,1.311B,3.74%
DTE,DTE Energy Compan,10.595B,15.54,3.23,3.87,2.384,3.961,2.278B,3.41%
DD,E.I. du Pont de N,39.742B,13.19,2.71,3.99,1.7,3.232,6.510B,-11.78%
DUK,Duke Energy Corpo,45.396B,20.29,4.93,4.7,3.03,3.177,6.480B,-1.74%
DNB,Dun & Bradstreet ,3.583B,12.95,0.83,1.89,1.52,6.208,527.4M,5.39%
ETFC,E*TRADE Financial,2.441B,37.13,N/A,N/A,0,0.23,0,2.04%
EMN,Eastman Chemical ,9.243B,15.77,1.19,1.73,1.04,3.822,1.413B,12.54%
ETN,Eaton Corporation,17.294B,12.42,1.77,2.97,1.52,4.121,2.271B,14.53%
EBAY,eBay Inc.,67.313B,17.76,1.57,N/A,0,2.929,3.934B,14.03%
ECL,Ecolab Inc. Commo,20.843B,36.64,1.46,1.12,0.8,1.942,1.962B,6.76%
EIX,Edison Internatio,14.655B,N/A,6.27,2.89,1.3,-1.485,3.610B,-0.89%
EW,Edwards Lifescien,10.456B,40.43,1.73,N/A,0,2.241,420.0M,-5.69%
EA,Electronic Arts I,4.464B,318.04,0.93,N/A,0,0.046,269.0M,12.44%
EMC,EMC Corporation C,52.982B,20.61,1.02,N/A,0,1.22,5.065B,-1.14%
EMR,Emerson Electric ,36.678B,18.97,1.44,3.18,1.61,2.67,4.828B,4.77%
ESV,Ensco plc Class A,13.693B,11.58,0.36,1.91,1.125,5.092,1.956B,10.79%
ETR,Entergy Corporati,11.329B,16.05,11.48,5.21,3.32,3.971,3.249B,-6.37%
EOG,"EOG Resources, In",32.159B,26.79,0.96,0.56,0.67,4.431,5.530B,12.12%
EQT,EQT Corporation C,8.791B,39.15,2.44,1.5,0.88,1.501,938.8M,5.79%
EFX,"Equifax, Inc. Com",6.462B,22.11,1.54,1.33,0.72,2.444,683.4M,13.10%
EQR,Equity Residentia,17.509B,63.14,2.44,2.91,1.582,0.862,1.350B,-8.57%
EL,Estee Lauder Comp,22.972B,26.75,1.71,N/A,0,2.218,1.746B,2.83%
EXC,Exelon Corporatio,25.253B,16.41,N/A,7.1,2.1,1.801,6.948B,-17.58%
EXPE,"Expedia, Inc.",8.104B,24.26,1.38,25.9,15.565,2.477,705.6M,13.74%
EXPD,Expeditors Intern,7.866B,23.52,1.53,1.49,0.56,1.6,597.4M,1.17%
ESRX,Express Scripts H,44.339B,32.5,0.82,N/A,0,1.671,4.450B,-6.17%
XOM,Exxon Mobil Corpo,400.0B,9.28,1.76,2.48,2.18,9.456,64.877B,0.66%
FFIV,"F5 Networks, Inc.",7.348B,26.94,1.12,N/A,0,3.45,461.4M,-5.01%
FDO,Family Dollar Sto,8.055B,19.5,1.16,1.16,0.81,3.58,910.3M,4.68%
FAST,Fastenal Company,12.303B,30.09,1.65,2.99,1.24,1.38,707.4M,-2.40%
FII,Federated Investo,2.012B,11.87,1.45,12.33,2.47,1.688,302.2M,-3.33%
FDX,FedEx Corporation,28.089B,13.97,1.15,0.76,0.68,6.401,5.436B,0.57%
FIS,Fidelity National,10.760B,24.81,1.13,1.77,0.65,1.479,1.718B,11.97%
FITB,Fifth Third Banco,12.888B,9.23,1.62,2.37,0.34,1.555,0,0.57%
FHN,First Horizon Nat,2.323B,N/A,N/A,0.43,0.04,-0.133,0,5.49%
FSLR,"First Solar, Inc.",2.606B,N/A,0.24,N/A,0,-7.66,473.9M,51.91%
FE,FirstEnergy Corpo,17.573B,17.36,5.05,5.24,2.2,2.42,3.881B,-8.28%
FISV,"Fiserv, Inc.",10.639B,19.35,1.27,N/A,0,4.119,1.366B,10.83%
FLIR,"FLIR Systems, Inc",2.981B,14.01,1.13,1.41,0.28,1.418,369.6M,-0.96%
FLS,Flowserve Corpora,7.058B,17.69,1.09,0.99,1.4,7.983,746.3M,14.35%
FLR,Fluor Corporation,8.908B,14.82,1.21,1.2,0.64,3.611,1.248B,2.17%
FMC,FMC Corporation C,7.417B,19.22,1.51,0.64,0.345,2.808,814.6M,0.23%
FTI,"FMC Technologies,",9.854B,24.53,1.44,N/A,0,1.69,712.3M,-4.62%
F,Ford Motor Compan,43.121B,2.57,1.47,1.77,0.2,4.409,11.643B,12.05%
FRX,Forest Laboratori,9.608B,17.71,5.07,N/A,0,2.039,789.1M,4.43%
FOSL,"Fossil, Inc.",5.205B,17.36,0.89,N/A,0,4.996,522.8M,7.73%
BEN,Franklin Resource,27.086B,14.26,1.33,2.41,3.08,8.95,2.727B,7.24%
FCX,Freeport-McMoRan ,30.530B,10.41,3.19,3.7,1.189,3.09,7.021B,-11.78%
FTR,Frontier Communic,4.723B,31.53,3.21,8.46,0.4,0.15,2.412B,9.42%
GME,Gamestop Corporat,3.140B,N/A,0.86,3.08,0.8,-2.725,788.6M,27.35%
GCI,"Gannett Co., Inc.",4.134B,9.77,1.47,4.45,0.8,1.841,1.002B,14.37%
GPS,"Gap, Inc. (The) C",15.269B,15.55,1.68,1.53,0.488,2.046,2.301B,-1.63%
GD,General Dynamics ,23.613B,9.96,1.85,2.99,2,6.718,4.411B,2.67%
GE,General Electric ,222.6B,16.81,1.25,3.2,0.68,1.263,24.356B,1.99%
GIS,"General Mills, In",26.422B,16,2.05,3.1,1.27,2.56,3.369B,4.55%
GPC,Genuine Parts Com,9.964B,16.18,1.97,3.08,1.98,3.97,1.087B,3.21%
GNW,Genworth Financia,2.990B,8.05,0.56,N/A,0,0.755,1.406B,13.46%
GILD,"Gilead Sciences, ",56.475B,23.17,1.03,N/A,0,3.217,4.395B,24.16%
GS,Goldman Sachs Gro,56.937B,11.25,0.31,1.51,1.77,10.415,0,8.87%
GT,Goodyear Tire & R,3.136B,15.63,0.17,N/A,0,0.819,1.725B,10.53%
GOOG,Google Inc.,226.0B,21.55,1.3,N/A,0,31.912,15.851B,5.21%
GWW,"W.W. Grainger, In",13.357B,20.47,1.24,1.59,3.06,9.392,1.242B,-3.09%
HAL,Halliburton Compa,31.088B,10.82,0.66,1.07,0.36,3.095,6.473B,4.09%
HOG,"Harley-Davidson, ",10.460B,16.23,1.12,1.27,0.59,2.852,1.198B,2.88%
HAR,Harman Internatio,2.717B,8.52,0.74,1.12,0.45,4.703,425.6M,-4.24%
HRS,Harris Corporatio,5.449B,N/A,3.12,2.92,1.4,-1.633,1.144B,6.15%
HIG,Hartford Financia,9.398B,23.7,0.58,1.86,0.4,0.909,2.309B,15.12%
HAS,"Hasbro, Inc.",4.807B,14.14,1.78,3.73,1.38,2.616,731.8M,1.69%
HCP,"HCP, Inc. Common ",20.262B,29.47,2.18,4.46,2,1.521,1.500B,0.75%
HCN,"Health Care REIT,",15.332B,81.77,2.41,5.01,2.96,0.722,1.109B,0.76%
HNZ,H.J. Heinz Compan,18.758B,18.78,2.3,3.4,1.99,3.115,2.017B,4.87%
HP,Helmerich & Payne,5.813B,10.29,1.65,0.51,0.28,5.341,1.278B,16.82%
HES,Hess Corporation ,16.749B,11.09,1.3,0.81,0.4,4.462,7.476B,0.91%
HPQ,Hewlett-Packard C,27.142B,N/A,N/A,3.65,0.504,-6.41,14.384B,-21.15%
HD,"Home Depot, Inc. ",95.721B,22.75,1.33,1.81,1.16,2.814,9.117B,13.46%
HON,Honeywell Interna,48.232B,20.56,0.98,2.48,1.529,2.994,4.135B,5.04%
HRL,Hormel Foods Corp,8.155B,16.33,1.78,1.93,0.6,1.9,845.5M,5.88%
HSP,Hospira Inc,5.125B,N/A,N/A,N/A,0,-1.067,375.6M,-5.82%
HST,Host Hotels & Res,10.603B,166.25,0.67,1.78,0.26,0.088,1.093B,-4.28%
HCBK,Hudson City Banco,3.964B,N/A,N/A,4.01,0.32,-0.321,0,12.01%
HUM,Humana Inc. Commo,10.294B,8.71,1.33,1.57,1.02,7.469,2.363B,-9.88%
HBAN,Huntington Bancsh,5.218B,9.24,1.59,2.62,0.16,0.66,0,-5.61%
ITW,Illinois Tool Wor,28.599B,12.64,1.65,2.37,1.46,4.883,3.495B,7.33%
IR,Ingersoll-Rand pl,14.580B,14.81,1.32,1.24,0.6,3.271,1.889B,9.93%
TEG,Integrys Energy G,4.169B,16.86,2.98,5.08,2.72,3.173,665.6M,-3.47%
INTC,Intel Corporation,98.774B,8.66,0.78,4.38,0.87,2.293,23.188B,-17.37%
ICE,IntercontinentalE,9.466B,17.38,1.36,N/A,0,7.49,937.5M,-1.41%
IBM,International Bus,213.2B,13.56,1.29,1.75,3.3,13.913,26.513B,-3.88%
IFF,Internationa Flav,5.255B,25.14,2.62,1.97,1.27,2.563,555.6M,8.62%
IGT,International Gam,3.906B,17.33,1.02,1.63,0.24,0.847,779.2M,10.25%
IP,International Pap,15.822B,18.39,2.75,3.02,1.089,1.959,3.578B,8.09%
IPG,Interpublic Group,4.702B,13.64,1.25,2.2,0.24,0.799,809.0M,1.57%
INTU,Intuit Inc.,17.737B,21.73,1.28,1.03,0.62,2.757,1.416B,2.11%
ISRG,Intuitive Surgica,20.548B,33.36,1.89,N/A,0,15.492,884.4M,-0.59%
IVZ,Invesco Plc New C,10.861B,15.47,1.07,2.62,0.642,1.581,966.0M,4.28%
IRM,Iron Mountain Inc,5.427B,30.87,1.97,16.24,5.11,1.019,920.6M,-3.92%
JBL,"Jabil Circuit, In",3.864B,10.05,0.68,1.28,0.24,1.87,974.9M,-4.97%
JEC,Jacobs Engineerin,5.373B,14.05,0.93,N/A,0,2.94,702.7M,5.96%
JDSU,JDS Uniphase Corp,2.894B,N/A,2,N/A,0,-0.266,162.9M,13.89%
JNJ,Johnson & Johnson,193.9B,22.92,2.24,3.43,2.4,3.053,20.446B,2.94%
JCI,"Johnson Controls,",18.743B,15.38,0.87,2.66,0.73,1.782,2.604B,1.09%
JOY,Joy Global Inc. C,5.996B,8.38,0.47,1.24,0.7,6.758,1.292B,0.34%
JPM,JP Morgan Chase &,156.6B,8.74,1.21,2.79,1.15,4.713,0,8.58%
JNPR,"Juniper Networks,",9.471B,51.6,1.68,N/A,0,0.356,595.0M,7.01%
K,Kellogg Company C,19.946B,16.83,2.48,3.13,1.74,3.307,2.370B,9.33%
KEY,KeyCorp Common St,7.394B,9.02,1.68,2.27,0.18,0.878,0,-2.54%
KMB,Kimberly-Clark Co,33.197B,17.9,1.63,3.49,2.96,4.74,3.944B,1.17%
KIM,Kimco Realty Corp,7.965B,55.04,3.86,3.89,0.76,0.355,579.8M,0.50%
KMI,"Kinder Morgan, In",35.072B,246.93,1.63,3.96,1.34,0.137,3.830B,-1.13%
KLAC,KLA-Tencor Corpor,7.726B,11.29,1.47,3.23,1.5,4.111,1.051B,-3.83%
KSS,Kohl's Corporatio,10.155B,10.07,1.24,2.9,1.28,4.384,2.823B,-11.22%
KRFT,Kraft Foods Group,27.120B,13.96,2.54,N/A,0,3.28,3.529B,0.72%
KR,Kroger Company (T,13.724B,20.3,1.15,1.85,0.495,1.316,4.166B,15.09%
LLL,L-3 Communication,7.165B,8.67,N/A,2.63,2,8.784,1.850B,6.03%
LH,Laboratory Corpor,7.986B,13.91,1.06,N/A,0,6.068,1.275B,-4.04%
LRCX,Lam Research Corp,6.042B,48.97,0.75,N/A,0,0.72,415.5M,0.43%
LM,"Legg Mason, Inc. ",3.372B,20.3,1.26,1.48,0.38,1.261,396.5M,0.96%
LEG,"Leggett & Platt, ",3.839B,21.67,1.23,4.16,1.13,1.254,426.6M,15.16%
LEN,Lennar Corporatio,6.952B,13.15,2.11,0.44,0.16,2.769,344.8M,11.03%
LUK,Leucadia National,5.672B,11,N/A,1.08,0.25,2.109,902.7M,6.31%
LIFE,Life Technologies,8.426B,21.45,1.23,N/A,0,2.283,1.238B,6.19%
LLY,Eli Lilly and Com,55.510B,13.45,N/A,3.95,1.96,3.686,6.419B,9.25%
LTD,"Limited Brands, I",14.773B,21.95,1.46,7.81,4,2.334,1.976B,8.46%
LNC,Lincoln National ,7.035B,15.1,0.62,1.25,0.32,1.694,1.800B,11.80%
LLTC,Linear Technology,7.675B,19.74,6.4,3.01,1,1.68,636.5M,4.63%
LMT,Lockheed Martin C,29.418B,10.5,2.21,4.53,4.15,8.714,5.063B,2.21%
L,Loews Corporation,16.161B,18.66,N/A,0.61,0.252,2.201,3.672B,0.75%
LO,"Lorillard, Inc Co",15.535B,14.37,1.66,5.17,6.2,8.353,2.070B,-2.87%
LOW,"Lowe's Companies,",39.530B,21.13,1.37,1.7,0.6,1.666,5.661B,20.64%
LSI,LSI Corporation C,3.802B,23.13,0.51,N/A,0,0.297,335.4M,0.06%
LYB,LyondellBasell In,29.823B,14.96,N/A,8.1,4.2,3.465,4.781B,11.54%
MTB,M&T Bank Corporat,12.329B,15,1.46,2.91,2.8,6.42,0,6.83%
M,Macy's Inc Common,15.373B,12.05,0.88,1.8,0.7,3.227,3.578B,2.69%
MRO,Marathon Oil Corp,21.525B,11.94,2.95,2.23,0.68,2.552,8.104B,9.67%
MPC,Marathon Petroleu,19.710B,7.9,0.51,2.07,1.2,7.359,4.723B,18.30%
MAR,Marriot Internati,11.129B,22.28,1.12,1.39,0.49,1.583,1.354B,-6.09%
MMC,Marsh & McLennan ,19.162B,16.62,1.39,2.56,0.9,2.118,2.150B,5.12%
MAS,Masco Corporation,5.789B,N/A,4.76,1.85,0.3,-1.729,526.0M,13.40%
MA,Mastercard Incorp,59.396B,27.99,1.19,0.22,1.05,17.079,4.064B,8.10%
MAT,"Mattel, Inc.",12.596B,15.23,1.64,3.38,1.24,2.411,1.346B,6.07%
MKC,McCormick & Compa,8.511B,22.07,2.47,1.93,1.24,2.91,682.8M,5.43%
MCD,McDonald's Corpor,87.316B,16.38,1.95,3.3,2.87,5.31,9.780B,-2.54%
MHP,McGraw-Hill Compa,14.860B,17.69,1.09,1.91,1.02,3.025,1.797B,7.94%
MCK,McKesson Corporat,22.263B,14.43,1.1,0.85,0.8,6.535,2.960B,4.44%
MJN,Mead Johnson Nutr,13.718B,25.04,1.98,1.72,1.16,2.699,956.5M,-8.98%
MWV,Meadwestvaco Corp,5.303B,32.73,2.22,3.3,1,0.927,952.0M,4.47%
MDT,Medtronic Inc. Co,42.845B,12.79,2.2,2.39,1.006,3.287,5.582B,4.12%
MRK,"Merck & Company, ",134.9B,20.18,3.69,3.78,1.68,2.2,17.785B,3.00%
MET,"MetLife, Inc. Com",36.354B,13.58,0.54,2.22,0.74,2.453,8.847B,1.89%
PCS,MetroPCS Communic,3.677B,8.15,0.74,N/A,0,1.24,1.535B,12.26%
MCHP,Microchip Technol,5.825B,28.48,1.88,4.68,1.402,1.051,459.2M,-7.95%
MU,Micron Technology,6.289B,N/A,N/A,N/A,0,-1.041,1.558B,2.79%
MSFT,Microsoft Corpora,224.5B,14.42,0.99,3.11,0.83,1.85,28.792B,-9.56%
MOLX,Molex Incorporate,4.685B,17.29,1.75,4.01,1.06,1.53,608.1M,3.77%
TAP,Molson Coors Brew,7.683B,13.83,2.27,3.02,1.28,3.065,755.8M,0.46%
MDLZ,Mondelez Internat,45.298B,13.63,1.5,60.15,15.333,1.87,8.999B,-28.21%
MON,Monsanto Company ,47.900B,23.63,1.94,1.42,1.275,3.791,3.841B,4.71%
MNST,Monster Beverage ,8.848B,28.37,1.44,N/A,0,1.82,556.0M,-14.72%
MCO,Moody's Corporati,11.087B,17.98,1.11,1.29,0.64,2.767,1.088B,20.89%
MS,Morgan Stanley Co,33.524B,N/A,29.76,1.18,0.2,-0.463,0,10.42%
MOS,Mosaic Company (T,22.594B,12.47,1.88,1.27,0.675,4.258,3.052B,-2.72%
MSI,Motorola Solution,15.478B,23.3,1.29,1.67,0.92,2.368,1.530B,11.68%
MUR,Murphy Oil Corpor,10.914B,15.66,0.77,6.55,3.676,3.587,3.352B,5.36%
MYL,Mylan Inc.,11.113B,19.08,1.16,N/A,0,1.429,1.767B,15.96%
NBR,Nabors Industries,4.260B,129.82,0.52,N/A,0,0.113,2.077B,2.79%
NDAQ,The NASDAQ OMX Gr,3.904B,11.97,0.98,0.55,0.13,1.978,856.0M,2.78%
NOV,National Oilwell ,29.290B,12.19,0.71,0.71,0.49,5.63,4.106B,-6.18%
NTAP,"NetApp, Inc.",11.755B,25.75,1.4,N/A,0,1.274,815.0M,4.79%
NFLX,"Netflix, Inc.",4.631B,107.57,95.99,N/A,0,0.775,146.6M,22.90%
NWL,Newell Rubbermaid,6.244B,16.87,1.5,1.98,0.43,1.287,908.5M,14.98%
NFX,Newfield Explorat,3.341B,11.93,0.66,N/A,0,2.11,1.549B,-15.29%
NEM,Newmont Mining Co,21.823B,202.58,N/A,3.18,1.4,0.217,4.602B,-11.56%
NWSA,News Corporation,56.855B,22.17,1.01,0.74,0.18,1.094,6.750B,20.38%
NEE,"NextEra Energy, I",29.277B,13.46,2.83,3.47,2.4,5.141,5.460B,1.01%
NKE,"Nike, Inc. Common",44.010B,21.25,2.33,1.11,1.08,4.597,3.341B,0.72%
NI,NiSource Inc Comm,7.611B,24.82,2.51,3.83,0.94,0.99,1.438B,-1.48%
NE,Noble Corporation,9.037B,17.49,1.17,1.51,0.54,2.045,1.324B,0.95%
NBL,Noble Energy Inc.,17.095B,35.52,1.66,0.95,0.91,2.704,2.468B,7.29%
JWN,"Nordstrom, Inc. C",10.577B,16.03,1.27,2.05,1.08,3.287,1.666B,-2.25%
NSC,Norfolk Southern ,19.465B,11.22,0.89,3.15,1.94,5.491,4.112B,-9.51%
NTRS,Northern Trust Co,11.376B,17.83,1.45,2.49,1.18,2.66,0,2.72%
NOC,Northrop Grumman ,16.386B,8.61,N/A,3.22,2.15,7.758,3.588B,2.17%
NU,Northeast Utiliti,12.335B,20.61,2.75,4.07,1.598,1.906,1.541B,2.30%
NRG,"NRG Energy, Inc. ",4.961B,N/A,1.02,0.83,0.18,-0.328,1.488B,10.42%
NUE,Nucor Corporation,12.963B,25.83,3.36,3.58,1.46,1.58,1.673B,5.22%
NVDA,NVIDIA Corporatio,7.473B,14.93,1.27,0.63,0.075,0.801,827.0M,-7.96%
NYX,NYSE Euronext Com,5.674B,13.82,1.78,5.14,1.2,1.69,932.0M,-5.82%
ORLY,O'Reilly Automoti,10.474B,20.11,1.21,N/A,0,4.545,1.134B,3.23%
OXY,Occidental Petrol,60.351B,10.26,1.51,2.17,1.62,7.26,13.617B,-10.72%
OMC,Omnicom Group Inc,13.148B,14.41,1.51,2.31,1.15,3.455,2.132B,0.08%
OKE,"ONEOK, Inc. Commo",9.087B,25.74,1.94,2.86,1.27,1.725,1.505B,-0.78%
ORCL,Oracle Corporatio,154.2B,15.89,1.01,0.75,0.24,2.014,16.964B,5.78%
OI,"Owens-Illinois, I",3.166B,N/A,0.9,N/A,0,-2.657,1.190B,0.90%
PCAR,PACCAR Inc.,15.547B,13.25,1.04,3.36,1.48,3.325,2.403B,9.24%
PLL,Pall Corporation ,6.905B,11.99,1.39,1.46,0.88,5.024,557.5M,4.63%
PH,Parker-Hannifin C,12.367B,11.66,2.08,1.95,1.62,7.112,1.921B,3.17%
PDCO,Patterson Compani,3.448B,16.88,1.35,1.62,0.54,1.97,397.8M,-2.82%
PAYX,"Paychex, Inc.",11.983B,21.69,2.14,3.91,1.29,1.52,959.9M,1.69%
BTU,Peabody Energy Co,6.994B,10.99,5.04,1.3,0.34,2.372,2.039B,9.14%
JCP,J.C. Penney Compa,3.843B,N/A,N/A,2.28,0.4,-2.39,342.0M,-24.91%
PNR,"Pentair, Ltd. Reg",10.138B,174.04,1.27,1.83,0.88,0.277,547.8M,13.40%
PBCT,People's United F,4.095B,18.09,1.61,5.23,0.638,0.674,0,2.48%
POM,PEPCO Holdings In,4.539B,17.28,3.13,5.46,1.08,1.145,1.056B,2.26%
PEP,"Pepsico, Inc. Com",107.8B,18.56,4.05,3.05,2.128,3.755,12.586B,-0.78%
PKI,"PerkinElmer, Inc.",3.570B,1636.84,1.28,0.9,0.28,0.019,277.8M,11.47%
PRGO,Perrigo Company,9.840B,22.58,1.56,0.31,0.33,4.641,763.8M,-6.23%
PETM,"PetSmart, Inc",7.564B,21.82,1.08,0.87,0.61,3.226,838.6M,3.68%
PFE,"Pfizer, Inc. Comm",188.8B,20.08,5.12,3.43,0.88,1.277,26.769B,7.56%
PCG,Pacific Gas & Ele,17.415B,18.68,N/A,4.47,1.82,2.178,4.087B,-6.46%
PM,Philip Morris Int,147.9B,17.7,1.7,3.57,3.16,5.001,14.580B,-0.30%
PSX,Phillips 66 Commo,31.722B,5.85,0.94,0.89,0.45,8.667,4.320B,23.92%
PNW,Pinnacle West Cap,5.673B,15.39,2.97,4.1,2.12,3.361,1.313B,-0.40%
PXD,Pioneer Natural R,12.921B,252.65,1.53,0.08,0.08,0.415,1.786B,6.90%
PBI,Pitney Bowes Inc.,2.184B,3.69,N/A,13.79,1.5,2.947,1.002B,-19.60%
PCL,Plum Creek Timber,6.833B,37.1,16.2,3.97,1.68,1.14,381.0M,3.41%
PNC,PNC Financial Ser,29.558B,11.38,2.75,2.77,1.55,4.911,0,-7.30%
RL,Ralph Lauren Corp,13.973B,21.56,1.48,0.79,1.2,7.086,1.289B,0.71%
PPG,"PPG Industries, I",18.319B,19.95,1.53,1.96,2.34,5.989,2.286B,7.25%
PPL,PP&L Corporation ,17.073B,10.55,N/A,3.68,1.08,2.781,4.551B,2.32%
PX,"Praxair, Inc. Com",31.475B,18.88,1.93,2.08,2.2,5.61,3.471B,-0.42%
PCP,Precision Castpar,26.792B,20.45,1.28,0.07,0.12,9.004,2.152B,11.19%
PCLN,priceline.com Inc,33.122B,25.11,1.06,N/A,0,26.452,1.837B,5.54%
PFG,Principal Financi,8.185B,11.03,0.82,2.04,0.57,2.527,1.222B,5.23%
PG,Procter & Gamble ,189.8B,19.33,2.19,3.19,2.211,3.59,19.146B,5.06%
PGR,Progressive Corpo,13.020B,14.54,2.7,1.89,0.407,1.481,1.563B,2.86%
PLD,"ProLogis, Inc. Co",15.781B,153.81,N/A,3.27,1.12,0.223,1.299B,2.34%
PRU,Prudential Financ,24.411B,20.38,0.65,3.04,1.6,2.582,2.704B,1.19%
PEG,Public Service En,15.183B,10.79,6.2,4.73,1.42,2.78,3.721B,-5.36%
PSA,Public Storage Co,24.297B,38.83,3.73,3,4.25,3.645,1.277B,-0.14%
PHM,"PulteGroup, Inc. ",6.258B,38.57,4.99,N/A,0,0.42,214.8M,20.86%
QEP,"QEP Resources, In",5.265B,34.78,1.92,0.27,0.08,0.85,1.457B,2.41%
PWR,"Quanta Services, ",5.527B,20.07,1.07,N/A,0,1.292,590.8M,7.81%
QCOM,QUALCOMM Incorpor,108.4B,18.15,1,1.52,0.965,3.506,6.656B,6.38%
DGX,Quest Diagnostics,9.234B,13.53,1.17,1.17,0.68,4.292,1.649B,-2.34%
RRC,Range Resources C,10.281B,N/A,10.21,0.25,0.16,-0.272,677.1M,-0.12%
RTN,Raytheon Company ,18.885B,10.04,1.31,3.37,1.93,5.705,3.509B,3.47%
RHT,"Red Hat, Inc. Com",9.351B,64.49,2.55,N/A,0,0.75,260.2M,-10.15%
RF,Regions Financial,9.283B,69.16,1.29,0.61,0.04,0.095,0,-3.41%
RSG,Republic Services,10.624B,17.01,2.46,3.07,0.895,1.713,2.358B,6.27%
RAI,Reynolds American,24.292B,17.4,2.17,4,1.74,2.497,2.932B,-0.64%
RHI,Robert Half Inter,3.907B,20.57,1.01,2.12,0.6,1.377,386.2M,3.27%
ROK,Rockwell Automati,11.199B,15.67,1.33,2.23,1.79,5.13,1.164B,13.51%
COL,"Rockwell Collins,",7.853B,13.5,1.31,2.04,1.14,4.15,1.078B,8.75%
ROP,"Roper Industries,",10.872B,23.83,1.56,0.5,0.552,4.639,872.3M,6.19%
ROST,"Ross Stores, Inc.",12.099B,16.71,1.24,1.01,0.56,3.313,1.382B,-13.61%
RDC,Rowan Companies p,4.031B,23.59,0.42,N/A,0,1.376,476.4M,-2.66%
R,"Ryder System, Inc",2.456B,12.09,1.19,2.5,1.2,3.974,1.375B,16.53%
SWY,Safeway Inc. Comm,4.183B,8.28,0.87,3.67,0.64,2.108,2.234B,4.66%
SAI,"SAIC, Inc. Common",3.989B,N/A,0.98,3.08,0.36,-0.069,404.0M,0.95%
CRM,Salesforce.com In,22.276B,N/A,3.78,N/A,0,-1.823,88.7M,9.28%
SNDK,SanDisk Corporati,9.623B,20.18,1.04,N/A,0,1.972,1.088B,-0.52%
SCG,SCANA Corporation,6.106B,14.89,2.9,3.21,1.485,3.111,1.274B,-3.07%
SLB,Schlumberger N.V.,94.682B,17.27,0.9,1.54,1.1,4.13,11.090B,1.97%
SNI,Scripps Networks ,8.647B,17.56,1.2,0.83,0.48,3.286,1.039B,-1.28%
STX,Seagate Technolog,10.419B,3.63,0.32,4.13,1.14,7.596,4.367B,-2.22%
SEE,Sealed Air Corpor,3.198B,N/A,1.99,3.16,0.52,-6.772,948.5M,5.84%
SRE,Sempra Energy Com,16.991B,19.52,2.32,3.24,2.28,3.601,2.764B,4.45%
SHW,Sherwin-Williams ,15.220B,27.22,1.44,1.04,1.56,5.508,1.142B,6.82%
SIAL,Sigma-Aldrich Cor,8.728B,19.61,2.81,1.1,0.8,3.7,796.0M,1.49%
SPG,Simon Property Gr,47.105B,30.81,2.93,2.82,4.3,4.942,3.365B,-1.27%
SLM,SLM Corporation,7.783B,7.7,0.68,2.97,0.5,2.188,0,5.54%
SJM,J.M. Smucker Comp,9.643B,20.42,2.06,2.27,2,4.324,1.167B,8.58%
SNA,Snap-On Incorpora,4.562B,15.54,1.56,1.79,1.4,5.04,586.3M,13.14%
SO,Southern Company ,37.989B,17.2,3.17,4.47,1.943,2.527,6.339B,-5.25%
LUV,Southwest Airline,7.225B,15.06,0.87,0.36,0.035,0.65,1.696B,8.26%
SWN,Southwestern Ener,12.055B,N/A,2.57,N/A,0,-1.058,1.615B,6.05%
SE,Spectra Energy Co,17.919B,17.75,3.62,4.17,1.145,1.546,2.401B,-4.80%
S,Sprint  Nextel Co,17.186B,N/A,N/A,N/A,0,-1.436,3.085B,26.72%
STJ,"St. Jude Medical,",10.635B,14.49,1.04,2.61,0.9,2.381,1.658B,-10.39%
SWK,Stanley Black & D,11.930B,21.3,1.04,2.55,1.8,3.319,1.641B,3.75%
SPLS,"Staples, Inc.",7.608B,N/A,1.28,3.81,0.43,-0.011,1.985B,-6.73%
SBUX,Starbucks Corpora,37.767B,28.37,1.33,1.42,0.72,1.79,2.382B,1.01%
HOT,Starwood Hotels &,10.379B,17.77,1.36,0.94,0.5,2.981,1.116B,-1.67%
STT,State Street Corp,20.744B,11.31,2.3,2.02,0.9,3.945,0,4.37%
SRCL,"Stericycle, Inc.",8.070B,31.1,1.91,N/A,0,3.021,552.6M,3.11%
SYK,Stryker Corporati,20.668B,14.6,1.48,1.57,0.852,3.724,2.488B,1.95%
STI,"SunTrust Banks, I",14.218B,8.65,0.43,0.75,0.2,3.074,0,4.02%
SYMC,Symantec Corporat,13.094B,11.74,1.4,N/A,0,1.608,1.821B,12.85%
SYY,Sysco Corporation,18.616B,16.85,2.19,3.41,1.08,1.88,2.503B,5.81%
TROW,T. Rowe Price Gro,16.398B,20.1,1.43,2.07,1.33,3.201,1.379B,3.51%
TGT,Target Corporatio,40.375B,13.75,1.19,2.13,1.32,4.511,7.413B,0.68%
TEL,TE Connectivity L,15.018B,13.77,1.09,2.28,0.81,2.581,2.282B,6.06%
TE,"TECO Energy, Inc.",3.656B,16.48,4.24,5.21,0.88,1.024,940.8M,-4.06%
THC,Tenet Healthcare ,3.085B,208.42,1.19,N/A,0,0.139,1.182B,30.99%
TDC,Teradata Corporat,9.798B,24.66,1.41,N/A,0,2.35,647.0M,-17.27%
TER,"Teradyne, Inc. Co",2.955B,9.76,0.74,N/A,0,1.612,471.1M,6.93%
TSO,Tesoro Corporatio,5.435B,9.3,0.44,0.69,0.27,4.186,1.448B,15.10%
TXN,Texas Instruments,33.467B,19.59,1.83,2.41,0.72,1.524,4.303B,5.00%
TXT,Textron Inc. Comm,6.530B,16.17,0.38,0.26,0.06,1.433,1.178B,-8.03%
HSY,The Hershey Compa,16.142B,25.38,2.34,2.16,1.56,2.85,1.380B,2.10%
TRV,The Travelers Com,28.227B,10.57,0.88,1.8,1.33,7.004,4.835B,11.97%
TMO,Thermo Fisher Sci,23.039B,21.75,1.14,0.61,0.39,2.941,2.571B,13.18%
TIF,Tiffany & Co. Com,7.393B,18.02,1.39,2.09,1.22,3.236,855.5M,-1.11%
TWX,Time Warner Inc. ,43.603B,17.32,1.31,2.26,1.04,2.659,6.941B,11.06%
TWC,Time Warner Cable,28.502B,13.54,1.14,2.37,2.24,6.975,7.510B,6.85%
TIE,Titanium Metals C,2.882B,28.38,1.91,1.82,0.3,0.58,214.1M,30.99%
TJX,"TJX Companies, In",31.598B,18.39,1.52,1.02,0.44,2.356,3.406B,-0.85%
TMK,Torchmark Corpora,4.919B,9.88,0.95,1.1,0.57,5.243,847.1M,2.89%
TSS,Total System Serv,4.176B,17.45,1.58,1.79,0.4,1.281,468.9M,-3.75%
TRIP,"TripAdvisor, Inc.",5.462B,29.54,1.67,N/A,0,1.299,308.0M,1.79%
TSN,"Tyson Foods, Inc.",7.032B,12.41,1.41,1.38,0.27,1.58,1.747B,15.51%
TYC,Tyco Internationa,13.338B,28.16,0.7,103.28,29.58,1.017,1.255B,-37.16%
USB,U.S. Bancorp Comm,59.721B,11.3,1.22,2.24,0.71,2.81,0,-2.98%
UNP,Union Pacific Cor,57.793B,15.24,1.02,2.03,2.49,8.064,8.357B,2.58%
UNH,UnitedHealth Grou,54.997B,10.26,0.97,1.09,0.589,5.246,10.079B,-2.37%
UPS,United Parcel Ser,70.120B,21.78,1.63,3.1,2.28,3.375,7.080B,-1.58%
X,United States Ste,3.183B,N/A,3.82,0.91,0.2,-2.087,916.0M,6.55%
UTX,United Technologi,73.534B,16.49,1.3,2.53,2.03,4.865,9.628B,4.46%
UNM,Unum Group Common,5.690B,24.39,0.81,2.27,0.47,0.848,460.3M,5.28%
URBN,"Urban Outfitters,",5.302B,27.15,1.36,N/A,0,1.339,413.9M,8.95%
VFC,V.F. Corporation ,17.057B,17.19,1.6,1.39,2.16,9.005,1.600B,2.78%
VLO,Valero Energy Cor,17.348B,15.6,0.98,2.07,0.65,2.009,5.184B,12.65%
VAR,Varian Medical Sy,7.637B,18.57,1.42,N/A,0,3.76,658.1M,14.54%
VTR,"Ventas, Inc. Comm",18.951B,40.08,2.69,3.8,2.435,1.6,1.410B,1.54%
VRSN,"VeriSign, Inc.",5.507B,21.65,1.17,N/A,0,1.638,471.4M,-19.49%
VZ,Verizon Communica,125.9B,40.76,1.61,4.57,2.015,1.082,31.720B,0.27%
VIAB,Viacom Inc.,25.807B,13.95,0.76,0.49,0.25,3.683,4.137B,8.49%
V,Visa Inc.,99.070B,46.97,1.04,0.67,0.99,3.152,6.572B,13.00%
VNO,Vornado Realty Tr,14.134B,25.44,23.06,3.63,2.76,2.985,1.503B,-6.33%
VMC,Vulcan Materials ,6.625B,N/A,N/A,0.08,0.04,-0.648,409.2M,20.86%
WMT,"Wal-Mart Stores, ",241.0B,14.74,1.58,2.22,1.592,4.86,35.987B,-0.20%
WAG,Walgreen Co. Comm,33.580B,14.7,0.83,2.81,1,2.42,4.671B,5.47%
DIS,Walt Disney Compa,87.880B,15.84,1.23,1.21,0.6,3.13,10.971B,0.78%
WPO,Washington Post C,2.688B,11.5,1.13,2.69,9.8,31.68,525.0M,2.94%
WM,"Waste Management,",15.550B,18.05,2.64,4.24,1.42,1.857,3.323B,1.65%
WAT,Waters Corporatio,7.317B,17.85,1.86,N/A,0,4.713,587.5M,4.54%
WPI,Watson Pharmaceut,11.251B,68.43,1.1,N/A,0,1.287,1.297B,10.02%
WLP,"WellPoint, Inc. C",17.035B,7.44,0.68,2.05,1.151,7.54,5.110B,-7.71%
WFC,Wells Fargo & Com,173.6B,10.37,1.33,2.67,0.88,3.181,0,-1.49%
WDC,Western Digital C,8.777B,4.74,0.87,0.69,0.25,7.605,3.465B,-0.43%
WU,Western Union Com,7.684B,6.38,0.78,2.95,0.38,2.02,1.673B,-22.08%
WY,Weyerhaeuser Comp,14.329B,46.63,16.85,2.33,0.62,0.57,1.100B,9.33%
WHR,Whirlpool Corpora,7.678B,16.07,1.78,2.03,2,6.138,1.599B,28.70%
WFM,Whole Foods Marke,17.228B,36.85,1.91,0.6,0.56,2.52,1.066B,-1.29%
WMB,Williams Companie,20.250B,73.03,1.78,22.7,7.327,0.442,2.694B,0.42%
WIN,Windstream Corpor,5.023B,35.73,N/A,11.71,1,0.239,2.154B,-11.28%
WEC,Wisconsin Energy ,8.699B,15.65,2.9,3.17,1.2,2.416,1.358B,-1.53%
WPX,"WPX Energy, Inc. ",3.133B,N/A,N/A,N/A,0,-2.295,903.0M,-0.02%
WYN,Wyndham Worldwide,6.955B,19.75,0.85,1.85,0.92,2.515,1.022B,-3.58%
WYNN,"Wynn Resorts, Lim",10.980B,20.91,2.03,8.64,9.5,5.258,1.471B,3.83%
XEL,Xcel Energy Inc. ,13.283B,14.66,2.95,3.89,1.06,1.858,2.862B,-2.67%
XRX,Xerox Corporation,8.870B,7.79,1.61,2.47,0.172,0.895,3.111B,-2.86%
XLNX,"Xilinx, Inc.",8.976B,18.59,2.19,2.47,0.85,1.85,687.1M,3.71%
XL,XL Group plc,7.527B,149.05,1.49,1.76,0.44,0.168,873.3M,10.57%
XYL,Xylem Inc. Common,4.831B,17.68,4.88,1.55,0.404,1.471,616.0M,4.81%
YHOO,Yahoo! Inc.,22.341B,5.82,1.47,N/A,0,3.246,1.321B,17.83%
YUM,"Yum! Brands, Inc.",29.774B,19.38,1.43,1.81,1.19,3.401,2.839B,-2.08%
ZMH,"Zimmer Holdings, ",11.387B,15.34,1.33,0.82,0.54,4.278,1.499B,3.68%
ZION,Zions Bancorporat,3.604B,19.32,1.07,0.2,0.04,1.013,0,-0.85%
